{"count":26,"files":[{"file":"kuang_bai_00000","height":240,"offsetU":0.0,"offsetV":0.0,"scaleU":0.0588235296308994,"scaleV":0.5,"width":240},{"file":"kuang_bai_00001","height":240,"offsetU":0.0588235296308994,"offsetV":0.0,"scaleU":0.0588235296308994,"scaleV":0.5,"width":240},{"file":"kuang_bai_00002","height":240,"offsetU":0.117647059261799,"offsetV":0.0,"scaleU":0.0588235296308994,"scaleV":0.5,"width":240},{"file":"kuang_bai_00003","height":240,"offsetU":0.176470592617989,"offsetV":0.0,"scaleU":0.0588235296308994,"scaleV":0.5,"width":240},{"file":"kuang_bai_00004","height":240,"offsetU":0.235294118523598,"offsetV":0.0,"scaleU":0.0588235296308994,"scaleV":0.5,"width":240},{"file":"kuang_bai_00005","height":240,"offsetU":0.294117659330368,"offsetV":0.0,"scaleU":0.0588235296308994,"scaleV":0.5,"width":240},{"file":"kuang_bai_00006","height":240,"offsetU":0.352941185235977,"offsetV":0.0,"scaleU":0.0588235296308994,"scaleV":0.5,"width":240},{"file":"kuang_bai_00007","height":240,"offsetU":0.411764711141586,"offsetV":0.0,"scaleU":0.0588235296308994,"scaleV":0.5,"width":240},{"file":"kuang_bai_00008","height":240,"offsetU":0.470588237047195,"offsetV":0.0,"scaleU":0.0588235296308994,"scaleV":0.5,"width":240},{"file":"kuang_bai_00009","height":240,"offsetU":0.529411792755127,"offsetV":0.0,"scaleU":0.0588235296308994,"scaleV":0.5,"width":240},{"file":"kuang_bai_00010","height":240,"offsetU":0.588235318660736,"offsetV":0.0,"scaleU":0.0588235296308994,"scaleV":0.5,"width":240},{"file":"kuang_bai_00011","height":240,"offsetU":0.647058844566345,"offsetV":0.0,"scaleU":0.0588235296308994,"scaleV":0.5,"width":240},{"file":"kuang_bai_00012","height":240,"offsetU":0.705882370471954,"offsetV":0.0,"scaleU":0.0588235296308994,"scaleV":0.5,"width":240},{"file":"kuang_bai_00013","height":240,"offsetU":0.764705896377563,"offsetV":0.0,"scaleU":0.0588235296308994,"scaleV":0.5,"width":240},{"file":"kuang_bai_00014","height":240,"offsetU":0.823529422283173,"offsetV":0.0,"scaleU":0.0588235296308994,"scaleV":0.5,"width":240},{"file":"kuang_bai_00015","height":240,"offsetU":0.882352948188782,"offsetV":0.0,"scaleU":0.0588235296308994,"scaleV":0.5,"width":240},{"file":"kuang_bai_00016","height":240,"offsetU":0.941176474094391,"offsetV":0.0,"scaleU":0.0588235296308994,"scaleV":0.5,"width":240},{"file":"kuang_bai_00017","height":240,"offsetU":0.0,"offsetV":0.5,"scaleU":0.0588235296308994,"scaleV":0.5,"width":240},{"file":"kuang_bai_00018","height":240,"offsetU":0.0588235296308994,"offsetV":0.5,"scaleU":0.0588235296308994,"scaleV":0.5,"width":240},{"file":"kuang_bai_00019","height":240,"offsetU":0.117647059261799,"offsetV":0.5,"scaleU":0.0588235296308994,"scaleV":0.5,"width":240},{"file":"kuang_bai_00020","height":240,"offsetU":0.176470592617989,"offsetV":0.5,"scaleU":0.0588235296308994,"scaleV":0.5,"width":240},{"file":"kuang_bai_00021","height":240,"offsetU":0.235294118523598,"offsetV":0.5,"scaleU":0.0588235296308994,"scaleV":0.5,"width":240},{"file":"kuang_bai_00022","height":240,"offsetU":0.294117659330368,"offsetV":0.5,"scaleU":0.0588235296308994,"scaleV":0.5,"width":240},{"file":"kuang_bai_00023","height":240,"offsetU":0.352941185235977,"offsetV":0.5,"scaleU":0.0588235296308994,"scaleV":0.5,"width":240},{"file":"kuang_bai_00024","height":240,"offsetU":0.411764711141586,"offsetV":0.5,"scaleU":0.0588235296308994,"scaleV":0.5,"width":240},{"file":"kuang_bai_00025","height":240,"offsetU":0.470588237047195,"offsetV":0.5,"scaleU":0.0588235296308994,"scaleV":0.5,"width":240}],"height":480,"width":4080}