{"count":30,"files":[{"file":"l_00000","height":256,"offsetU":0.0,"offsetV":0.0,"scaleU":0.0625,"scaleV":0.5,"width":256},{"file":"l_00001","height":256,"offsetU":0.0625,"offsetV":0.0,"scaleU":0.0625,"scaleV":0.5,"width":256},{"file":"l_00002","height":256,"offsetU":0.125,"offsetV":0.0,"scaleU":0.0625,"scaleV":0.5,"width":256},{"file":"l_00003","height":256,"offsetU":0.1875,"offsetV":0.0,"scaleU":0.0625,"scaleV":0.5,"width":256},{"file":"l_00004","height":256,"offsetU":0.25,"offsetV":0.0,"scaleU":0.0625,"scaleV":0.5,"width":256},{"file":"l_00005","height":256,"offsetU":0.3125,"offsetV":0.0,"scaleU":0.0625,"scaleV":0.5,"width":256},{"file":"l_00006","height":256,"offsetU":0.375,"offsetV":0.0,"scaleU":0.0625,"scaleV":0.5,"width":256},{"file":"l_00007","height":256,"offsetU":0.4375,"offsetV":0.0,"scaleU":0.0625,"scaleV":0.5,"width":256},{"file":"l_00008","height":256,"offsetU":0.5,"offsetV":0.0,"scaleU":0.0625,"scaleV":0.5,"width":256},{"file":"l_00009","height":256,"offsetU":0.5625,"offsetV":0.0,"scaleU":0.0625,"scaleV":0.5,"width":256},{"file":"l_00010","height":256,"offsetU":0.625,"offsetV":0.0,"scaleU":0.0625,"scaleV":0.5,"width":256},{"file":"l_00011","height":256,"offsetU":0.6875,"offsetV":0.0,"scaleU":0.0625,"scaleV":0.5,"width":256},{"file":"l_00012","height":256,"offsetU":0.75,"offsetV":0.0,"scaleU":0.0625,"scaleV":0.5,"width":256},{"file":"l_00013","height":256,"offsetU":0.8125,"offsetV":0.0,"scaleU":0.0625,"scaleV":0.5,"width":256},{"file":"l_00014","height":256,"offsetU":0.875,"offsetV":0.0,"scaleU":0.0625,"scaleV":0.5,"width":256},{"file":"l_00015","height":256,"offsetU":0.9375,"offsetV":0.0,"scaleU":0.0625,"scaleV":0.5,"width":256},{"file":"l_00016","height":256,"offsetU":0.0,"offsetV":0.5,"scaleU":0.0625,"scaleV":0.5,"width":256},{"file":"l_00017","height":256,"offsetU":0.0625,"offsetV":0.5,"scaleU":0.0625,"scaleV":0.5,"width":256},{"file":"l_00018","height":256,"offsetU":0.125,"offsetV":0.5,"scaleU":0.0625,"scaleV":0.5,"width":256},{"file":"l_00019","height":256,"offsetU":0.1875,"offsetV":0.5,"scaleU":0.0625,"scaleV":0.5,"width":256},{"file":"l_00020","height":256,"offsetU":0.25,"offsetV":0.5,"scaleU":0.0625,"scaleV":0.5,"width":256},{"file":"l_00021","height":256,"offsetU":0.3125,"offsetV":0.5,"scaleU":0.0625,"scaleV":0.5,"width":256},{"file":"l_00022","height":256,"offsetU":0.375,"offsetV":0.5,"scaleU":0.0625,"scaleV":0.5,"width":256},{"file":"l_00023","height":256,"offsetU":0.4375,"offsetV":0.5,"scaleU":0.0625,"scaleV":0.5,"width":256},{"file":"l_00024","height":256,"offsetU":0.5,"offsetV":0.5,"scaleU":0.0625,"scaleV":0.5,"width":256},{"file":"l_00025","height":256,"offsetU":0.5625,"offsetV":0.5,"scaleU":0.0625,"scaleV":0.5,"width":256},{"file":"l_00026","height":256,"offsetU":0.625,"offsetV":0.5,"scaleU":0.0625,"scaleV":0.5,"width":256},{"file":"l_00027","height":256,"offsetU":0.6875,"offsetV":0.5,"scaleU":0.0625,"scaleV":0.5,"width":256},{"file":"l_00028","height":256,"offsetU":0.75,"offsetV":0.5,"scaleU":0.0625,"scaleV":0.5,"width":256},{"file":"l_00029","height":256,"offsetU":0.8125,"offsetV":0.5,"scaleU":0.0625,"scaleV":0.5,"width":256}],"height":512,"width":4096}